id,fullname,price
1,BTC-比特币,24602.6
2,XRP-瑞波币,2.0574
3,ETH-以太坊,815.9
4,BCH-比特现金,841.04
5,EOS-柚子,18.5071
6,USDT-泰达币,6.7234
7,LTC-莱特币,296.47
8,XLM-恒星币,0.5304
9,TRX-波场,0.1722
10,BSV-比特币SV,439.66
11,ADA-艾达币,0.2816
12,BNB-币安币,64.0271
13,MIOTA-埃欧塔,1.8599
14,XMR-门罗币,320.8
15,DASH-达世币,509.94
16,NEO-小蚁,52.6002
17,XEM-新经币,0.2614
18,ETC-以太经典,27.6135
19,ONT-本体,3.8663
20,MKR-Maker,3171.83
21,HT-火币积分,6.8766
22,ZEC-大零币,328.95
23,WAVES-波币,18.3695
24,VET-唯链,0.026745
25,DOGE-狗狗币,0.01266
26,BTG-比特黄金,66.3256
27,OKB-OK币,4.2722
28,QTUM-量子链,13.0307
29,OMG-嫩模币,7.6986
30,ZRX-0x协议,1.6781
31,LINK-ChainLink,3.0416
32,ZIL-Zilliqa,0.115
33,TUSD-True USD,6.865
34,REP-Augur,91.1033
35,DCR-Decred,103.09
36,LSK-应用链,7.7879
37,NANO-纳诺,5.5002
38,XUC-雪币,13.7969
39,BAT-注意力币,0.8377
40,BCD-比特币钻石,4.9152
41,BCN-字节币,0.004186
42,R-Revain,1.2306
43,STEEM-斯蒂姆币,1.9989
44,ICX-ICON,1.4717
45,DGB-极特币,0.061717
46,BTS-比特股,0.2648
47,SC-云储币,0.015282
48,XVG-Verge,0.040768
49,AE-阿姨币,2.6091
50,STRAT-Stratis,5.3987
51,BRC-贝尔链,3.3344
52,GUSD-双子星美元,6.897
53,BTM-比原链,0.5282
54,KMD-科莫多币,4.4166
55,SNT-Status,0.1253
56,PPT-Populous,8.6297
57,GNT-Golem,0.422
58,DAI-DAI,6.7826
59,ODE-ODEM,1.5262
60,ETN-Electroneum,0.048062
61,LRC-路印协议,0.3651
62,FCT-公证通,41.8899
63,IOST-Internet of Services,0.043928
64,MAID-互联网币,0.8315
65,ARDR-阿朵币,0.3623
66,POLY-Polymath Network,0.6425
67,HC-HyperCash,7.982
68,WTC-沃尔顿链,6.8827
69,PIVX-普维币,4.9431
70,ARK-Ark,3.5455
71,MANA-Decentraland,0.2316
72,DCN-Dentacoin,0.00049417
73,RDD-蜗牛币,0.008077
74,DGD-黄金代币,112.93
75,POWR-Power Ledger,0.5698
76,AION-Aion,0.8131
77,KCS-Kucoin Shares,2.4354
78,RVN-Ravencoin,0.074596
79,MCO-MCO Token,14.3124
80,MONA-萌奈币,3.3262
81,BNT-Bancor,3.5333
82,XZC-小零币,33.9998
83,GXC-公信宝,3.9555
84,PAY-TenX,1.6243
85,ELA-亦来云,15.1835
86,ELF-ælf,0.7035
87,ETP-元界,3.9072
88,VERI-Veritaseum,123.15
89,LOOM-Loom Network,0.2817
90,ENJ-恩金币,0.2161
91,AGI-SingularityNET,0.3027
92,QASH-QASH,0.4708
93,QKC-QuarkChain,0.2099
94,WICC-维基币,0.8356
95,ZEN-Horizen,30.5782
96,NXT-未来币,0.1652
97,SYS-系统币,0.2835
98,NAS-星云币,3.711
99,PART-Particl,16.4012
100,MGO-MobileGo,1.5317
101,ENG-Enigma,2.0615
102,CENNZ-Centrality,0.246
103,CREDO-Credo,0.2976
104,EDO-Eidoo,4.7381
105,NXS-Nexus,2.0247
106,GBYTE-字节雪球,210.49
107,FUN-FunFair,0.026139
108,KIN-Kin,0.00018313
109,GAS-Gas,13.7778
110,TEL-Telcoin,0.002004
111,SAN-Santiment Network Token,3.0715
112,NULS-NULS,2.7221
113,CMT-草莓糖,0.1764
114,RLC-云算宝,1.6713
115,DRGN-龙链,0.5008
116,STORJ-Storj,0.9589
117,DENT-Dentcoin,0.006926
118,SUB-Substratum,0.2976
119,KNC-Kyber Network,0.9282
120,SALT-SALT,1.4336
121,CVC-Civic,0.3724
122,TOMO-TomoChain,3.2874
123,GVT-Genesis Vision,26.0689
124,BIX-BIX Token,0.8737
125,SRN-Sirin Labs,0.1944
126,RNT-Oneroot,0.4845
127,DAC-达芬奇,0.050493
128,REQ-Request Network,0.14
129,VIPS-Vipstar Coin,0.0026
130,NEBL-Neblio,7.2294
131,GRS-Groestlcoin,1.516
132,CTXC-Cortex,0.726
133,CND-Cindicator,0.078349
134,GTO-Gifto,0.1878
135,SLT-Smartlands,0.0
136,BOS-BOScoin,0.1991
137,TRUE-初链,1.5855
138,MDA-Moeda Loyalty,4.7946
139,STORM-Storm,0.019008
140,DLT-DELTA,0.7641
141,TKY-THEKEY,0.014887
142,ICN-Iconomi,1.2953
143,TEN-Tokenomy,0.3297
144,C20-Crypto20,2.4211
145,BQX-Bitquence,0.9534
146,DTR-DTR,0.085643
147,POE-Po.et,0.032248
148,BFT-BnkToTheFuture,0.1343
149,UNO-超导币,529.63
150,AGRS-IDNI Agoras,1.7789
151,EMC-崛起币,1.8334
152,PPC-点点币,3.615
153,VTC-绿币,2.21
154,GNO-Gnosis,78.979
155,ANT-阿拉贡,2.4436
156,BRD-Bread,1.3662
157,BLOCK-Blocknet,15.0793
158,EDG-网络黄金,1.2075
159,VIBE-VIBEHub,0.2405
160,OCN-Odyssey,0.013886
161,TPAY-Tokenpay,4.7633
162,VEE-BLOCKv,0.038513
163,PLR-Pillar,0.1954
164,REN-Republic Protocol,0.1137
165,FLO-弗洛林币,0.3272
166,RDN-雷电网络,1.5058
167,WGR-Wagerr,0.5565
168,SBD-Steem Dollars,6.1247
169,SKY-天空币,6.7145
170,PRG-Paragon,0.6404
171,DMT-DMarket,1.3566
172,UTK-UTRUST,0.1557
173,NAV-纳瓦霍币,1.0032
174,FSN-Fusion,2.1296
175,NMC-域名币,4.2784
176,DROP-Dropil,0.002899
177,QSP-Quantstamp,0.1019
178,NLG-Gulden,0.1224
179,CS-Credits,0.4406
180,AMB-Ambrosus,0.3644
181,LOC-LockChain,6.0035
182,UTNP-Universa,0.024824
183,QRL-QRL,1.2007
184,SMT-SmartMesh,0.054491
185,LEND-EthLend,0.050132
186,EMC2-锿币,0.2756
187,UTT-UTT,1.8082
188,MTL-Metal,1.9532
189,WINGS-Wings,0.6108
190,SLS-SaluS,70.5496
191,UBQ-Ubiq,1.1748
192,XWC-白币,0.2146
193,PRS-PressOne,0.2351
194,CRPT-Crypterium,0.8881
195,LRN-Loopring [NEO],0.4564
196,BBR-布尔币,3.8445
197,NEU-Neumark,1.249
198,RUFF-RUFF Token,0.066989
199,BLZ-Bluzelle,0.2631
200,SWM-Swarm,0.7443
201,SNGLS-SingularDTV,0.078464
202,SNM-SONM,0.1286
203,VIA-维尔币,2.0179
204,ADX-AdEx,0.7498
205,XDN-DigitalNote,0.007151
206,BURST-Burst,0.024518
207,DNT-district0x,0.075127
208,ECA-Electra,0.001997
209,BITCNY-比特元,1.0556
210,WABI-两,0.9241
211,YLB-引粒,0.4216
212,IHT-云产币,0.07527
213,LEO-LEOcoin,0.4771
214,DBET-DecentBet,0.0
215,MDS-MediShares,0.047238
216,BAY-BitBay,0.042103
217,ZRC-ZrCoin,12.5873
218,TNT-Tierion,0.096213
219,TNB-Time New Bank,0.01847
220,HPB-芯链,1.0651
221,MWAT-Restart Energy MWAT,0.1071
222,MLN-Melon,62.447
223,SAFEX-Safe Exchange Coin,0.038582
224,PGL-Prospectors Gold,0.7975
225,XSN-StakeNet,0.5033
226,BAX-BABB,0.002161
227,MOBI-Mobius,0.064605
228,ABT-区块基石,0.4871
229,EDR-艾特币,0.047156
230,CEO-CEO币,6.2902
231,MED-Medibloc,0.012872
232,GAME-游戏币,0.5425
233,CLOAK-披风币,7.7593
234,QLC-Qlink,0.1557
235,BPT-Blockport,0.7811
236,TRAC-Trace,0.131
237,XAS-阿希币,0.408
238,WPR-WePower Network,0.080848
239,RCN-RCN,0.076108
240,MOD-Modum,2.0152
241,CLAM-贝壳币,11.3628
242,CVT-数脉链,0.034672
243,LBC-LBRY Credits,0.1494
244,PPP-PayPie,0.5772
245,MSP-Mothership,0.0
246,CDT-Blox,0.046495
247,EVX-Everex,1.77
248,SPHTX-SophiaTX,0.1327
249,ZCL-ZClassic,6.1438
250,BTX-Bitcore,1.4097
251,ITC-万物链,0.6685
252,ACT-A链,0.045113
253,PASC-Pascal Coin,1.5868
254,PRE-Presearch,0.1727
255,XCP-合约币,11.0079
256,PST-Primas,0.6145
257,TKN-TokenCard,3.3113
258,LUN-Lunyr,11.9723
259,XBY-XtraBYtes,0.052897
260,ARN-Aeron,1.9457
261,APPC-AppCoins,0.3025
262,LYM-Lympo,0.04183
263,LCC-莱特币现金,0.097779
264,YOYOW-YOYOW,0.095218
265,NMR-Numeraire,22.904
266,TIX-Blocktix,0.7804
267,MER-Mercury,0.301
268,BTO-铂链,0.069093
269,HYDRO-Hydrogen,0.010372
270,AST-AirSwap,0.1798
271,LA-LAToken,0.4007
272,AEON-Aeon,1.8381
273,FUEL-EtherParty,0.053231
274,CAS-Cashaa,0.039644
275,VIB-Viberate,0.1558
276,DPN-Dipnet,0.004614
277,NPX-NaPoleonX,1.4806
278,BCI-BCI,1.3743
279,GNX-Genaro Network,0.1082
280,TV-钛值,0.1373
281,INT-英特币,0.094285
282,UP-UpToken,0.1495
283,PLBT-Polybius,7.0748
284,CPC-物信链,0.098188
285,LINDA-Linda,0.002218
286,COV-Covesting,0.9562
287,XPM-质数币,0.9439
288,COB-Cobinhood,0.063965
289,XAUR-Xaurum,0.2799
290,OAX-OAX,0.8758
291,POT-PotCoin,0.1311
292,NGC-NAGA,0.3125
293,TFD-TE-FOOD,0.047068
294,IPC-知产链,0.5664
295,SPANK-SpankChain,0.076653
296,MTH-Monetha,0.1146
297,ZPT-Zeepin,0.039957
298,ION-ION,1.3103
299,GCR-GCR,0.2379
300,PCL-Peculium,0.007035
301,TAU-Lamden,0.1641
302,SHIFT-Shift,1.751
303,HTML-Htmlcoin,0.00051787
304,DPY-天算,0.4007
305,BLK-黑币,0.4064
306,FTC-羽毛币,0.1012
307,SWTH-Switcheo,0.024102
308,CPX-Apex,0.048436
309,ADT-AdToken,0.043015
310,GRID-GRID+,0.8969
311,MNX-MinexCoin,3.2425
312,STQ-Storiqa,0.001944
313,INK-墨链,0.046618
314,COLX-ColossusCoinXT,0.002223
315,PBT-Primalbase,0.0
316,B2B-B2BX,1.8742
317,CHSB-SwissBorg,0.042007
318,BMC-Blackmoon Crypto,0.9187
319,HPY-Hyperpay,0.009793
320,ENU-牛油果,0.047033
321,FLASH-Flashcoin,0.02368
322,AURA-Aurora DAO,0.1444
323,DCT-DECENT,0.4905
324,IFC-无限币,0.00024749
325,MTC-Docademic,0.059041
326,UFR-Upfiring,0.7934
327,GLD-金币,0.4263
328,PEPECASH-Pepe Cash,0.022556
329,SEN-Consensus,0.011319
330,IOC-I/O Coin,0.9071
331,HAV-Havven,0.246
332,DMD-钻石币,5.9177
333,UIP-未来版权,0.016502
334,KICK-KickCoin,0.03126
335,REM-Remme,0.031928
336,EAC-地球币,0.001756
337,PPY-Peerplays,4.3308
338,NCT-PolySwarm,0.014247
339,BCA-Bitcoin Atom,0.7798
340,ECOB-Ecobit,0.0
341,THC-泰合币,0.074909
342,DADI-DADI,0.2104
343,RVR-RevolutionVR,0.078335
344,XST-Stealthcoin,0.5265
345,CAG-Change,0.4921
346,ONION-深洋葱,1.0815
347,1ST-第一滴血,0.2124
348,LND-Lendingblock,0.026643
349,NANJ-Nanjcoin,0.001044
350,MUE-MonetaryUnit,0.096935
351,XMY-多彩币,0.00856
352,ZCO-Zebi,0.030743
353,BCPT-Blockmason,0.2069
354,XSPEC-幽灵币,1.1789
355,RADS-Radium,4.4309
356,PRO-Propy,0.7593
357,GET-GUTS Tickets,1.7217
358,TAAS-TaaS,1.815
359,CRW-Crown,0.6837
360,PHR-Phore,0.7239
361,CSNO-BitDice,0.1974
362,POLIS-Polis,0.0
363,BITB-BitBean,0.005385
364,SENT-Sentinel,0.00758
365,GRFT-Graft,0.033337
366,DBC-深脑链,0.009718
367,DICE-Etheroll,1.9995
368,CXO-CargoX,0.1426
369,XDCE-XinFin Network,0.004215
370,DIME-帝米币,3.017e-05
371,BITG-Bitcoin Green,1.7135
372,INCNT-Incent,0.422
373,LUX-LUXCoin,2.2726
374,KRM-Karma,0.00681
375,AMLT-AMLT Token,0.107
376,DTB-Databits,0.4501
377,RISE-R币,0.1014
378,UCT-优物链,0.044023
379,XTL-Stellite,0.001247
380,NTK-NeuroToken,0.1788
381,CMCT-CMCT,0.0
382,GRC-格雷德币,0.029932
383,NLC2-NoLimitCoin,0.078989
384,AMP-HyperSpace,0.09795
385,PND-熊猫币,0.0005522
386,SHIP-ShipChain,0.034468
387,HBT-Hubii Network,0.8976
388,SNC-SunContract,0.098828
389,CVN-CVCoin,0.8424
390,BQT-BQT,0.060328
391,HST-Decision Token,0.2992
392,HMQ-Humaniq,0.054634
393,AXPR-aXpire,0.033181
394,SOAR-飙升币,0.013498
395,CURE-Curecoin,0.3316
396,CV-carVertical,0.002172
397,FDZ-Friendz,0.026895
398,GAM-Gambit,8.1516
399,BOT-菩提,0.1965
400,BLT-宝兰,0.2016
401,NIM-网络币,0.003754
402,DOV-Dovu,0.022359
403,TOA-ToaCoin,0.002226
404,EDRC-EDRCoin,4.4282
405,TIME-Chronobank,13.0681
406,CFC-咖啡金链,0.3078
407,XLR-Solaris,5.3572
408,EXRN-EXRNchain,0.00012926
409,CEX-CEX,0.3512
410,BIS-Bismuth,0.0
411,SXUT-SXUT,0.4211
412,SPHR-Sphere,2.9619
413,VRC-维理币,0.3034
414,COVAL-Circuits of Value,0.008322
415,ELEC-Electrify.Asia,0.02054
416,MGC-众合币,0.1799
417,HQX-HOQU,0.062139
418,BANCA-Banca,0.00053783
419,CHAT-ChatCoin,0.016937
420,ZAP-ZAP,0.069107
421,YOC-优币,0.01879
422,AID-AidCoin,0.2474
423,OK-OKCash,0.099632
424,ENRG-能源币,0.051597
425,MOTO-Motocoin,0.2214
426,IXT-iXledger,0.2347
427,TOPC-拓扑链,0.029265
428,GUP-Guppy,0.1171
429,PURA-Pura,0.033337
430,CPY-Copytrack,0.0
431,ZSC-Zeusshield,0.009119
432,SLR-SolarCoin,0.1873
433,DIM-Dimcoin,0.009534
434,BSD-BitSend,0.299
435,UGC-UgChain,0.013144
436,FLIXX-Flixxo,0.099475
437,OMNI-Omni,14.2532
438,PRA-般若,0.1519
439,TFL-True Flip,1.3164
440,PAYX-Paypex,0.1071
441,LATX-LatiumX,0.059476
442,SNET-Snetwork,0.063985
443,MLM-MktCoin,0.009221
444,OCT-欧链,0.259
445,SWT-Swarm City,0.7743
446,CAPP-Cappasity,0.012395
447,MITX-Morpheus Labs,0.025246
448,BEZ-Bezop,0.0
449,MUSIC-乐币,0.005385
450,RVT-Rivetz,0.2961
451,ART-Maecenas,0.148
452,DRT-DomRaider,0.010862
453,NBAI-智云链,0.006912
454,EKO-EchoLink,0.020213
455,DBIX-迪拜币,2.7147
456,EXP-Expanse,0.5906
457,XHI-嗨币,0.001722
458,HKN-Hacken,1.326
459,IDH-indaHash,0.01629
460,SIB-西伯利亚金币,0.3755
461,PTOY-Patientory,0.094285
462,NVC-新星币,2.686
463,SXC-性币,0.010576
464,GOLOS-Golos,0.059483
465,PRIX-Privatix,5.4368
466,MYST-密链,0.6292
467,GEO-GeoCoin,2.5212
468,INSTAR-Insights Network,0.049867
469,SNOV-Snovio,0.014554
470,XNK-Ink Protocol,0.027262
471,OPT-Opus,0.049363
472,BDG-BitDegree,0.018994
473,DOPE-麻叶币,0.041531
474,TRST-WeTrust,0.05539
475,AVT-Aventus,1.215
476,EXCL-ExclusiveCoin,0.884
477,ALIS-ALIS,0.1089
478,SENSE-SENSE,0.0
479,CPAY-Cryptopay,0.1144
480,PIRL-Pirl,0.2015
481,XP-Experience Points,4.808e-05
482,DXT-Datawallet,0.014642
483,STX-拳王币,0.1193
484,ABY-ArtByte,0.007096
485,DYN-Dynamic,1.4942
486,TNC-Trinity,0.019764
487,EXY-Experty,0.183
488,MTN-Medicalchain,0.031417
489,IPL-VouchForMe,0.032575
490,TKS-Tokes,1.4261
491,SYNX-Syndicate,0.1454
492,ANC-阿侬币,4.6495
493,XSH-神盾,0.010256
494,SEQ-Sequence,0.088857
495,TSL-Energo,0.010931
496,LEV-Leverj,0.047326
497,FLDC-FoldingCoin,0.007832
498,LIFE-LIFE,0.00025887
499,42-42个币,114301.7
500,KORE-KoreCoin,2.5458
501,QRK-夸克币,0.036858
502,GAT-Gatcoin,0.013328
503,ARY-Block Array,0.085132
504,BTCZ-BitcoinZ,0.001245
505,ERO-Eroscoin,0.024354
506,DEB-Debitum Network,0.024831
507,QWARK-Qwark,0.070503
508,BBN-榕树网络,0.006147
509,INF-InfChain,0.0055
510,2GIVE-2GIVE,0.009793
511,PINK-代币,0.011245
512,IOP-Internet of People,0.713
513,VRM-VeriumReserve,2.2767
514,TRF-Travelflex,0.0
515,MEME-模因,0.161
516,BRX-Breakout Stake,0.5103
517,REBL-Rebellious,0.019955
518,NCS-资产股,0.038656
519,HPC-快乐币,0.2981
520,MAX-最大币,0.076517
521,PIX-神灯,0.032043
522,APH-Aphelion,0.064366
523,YBC-元宝币,0.1573
524,NIO-Autonio,0.062024
525,IDXM-IDEX Membership,2210.37
526,ATL-Atlant,0.1246
527,PLAY-HERO Coin,0.031696
528,ADB-Adbank,0.005414
529,INXT-Internxt,6.6675
530,NEOS-NeosCoin,0.9098
531,ENT-ENT Cash,0.008186
532,BERRY-Rentberry,0.014976
533,BEE-Bee Token,0.020411
534,CHP-CoinPoker,0.013015
535,COFI-CoinFi,0.022808
536,BRK-Breakout,0.1747
537,VOISE-Voise,0.004497
538,SETH-Sether,0.1444
539,GLA-Gladius Token,0.3916
540,IETH-iEthereum,0.2538
541,CAN-CanYa,0.124
542,POLL-ClearPoll,0.5461
543,IPSX-IP Exchange,0.00268
544,TX-传送币,0.5385
545,ZEIT-泽塔币,7.804e-05
546,MANNA-Manna,0.007539
547,XBC-Bitcoin Plus,31.2769
548,TIPS-帽子币,1.709e-05
549,UQC-Uquid Coin,0.3694
550,NYC-纽约币,2.935e-05
551,BNTY-Bounty0x,0.020963
552,1337-Elite,0.00010427
553,SHND-StrongHands,3.4e-07
554,CPC-开普币,1.6229
555,SSS-共享链代币,0.00057113
556,DTH-Dether,0.049656
557,EVC-EventChain,0.091003
558,VASH-代理币,0.008097
559,HDG-Hedge,0.0
560,SENC-Sentinel Chain,0.0237
561,GBX-GoByte,0.9112
562,LDOGE-LiteDoge,0.00020922
563,EVE-Devery,0.040795
564,PKT-Playkey,0.211
565,RNTB-BitRent,0.003287
566,TIE-Ties.DB,0.088228
567,MNTP-MNTP,2.0179
568,TRC-大地币,0.137
569,OCC-Octoin Coin,4.4003
570,GETX-保链,0.010018
571,HWC-HollyWoodCoin,0.4524
572,BETR-BetterBetting,0.021494
573,PLU-Pluton,4.9942
574,USNBT-NuBits,0.0
575,ORME-Ormeus Coin,0.279
576,SKIN-SkinCoin,0.038445
577,FCN-Fantomcoin,0.3702
578,1WO-1World,0.1576
579,XNN-Xenon,0.009357
580,IPT-泛娱链,0.008887
581,NXC-Nexium,0.036232
582,HBZ-Helbiz,0.003663
583,J8T-JET8,0.004433
584,EBST-eBoost,0.1167
585,CANN-CannabisCoin,0.035987
586,EBTC-eBitcoin,0.098522
587,ICOS-ICOS,6.2657
588,MTX-Matryx,0.093659
589,YT-YOEXS TOKEN,0.047611
590,ELIX-Elixir,0.054546
591,VRS-Veros,0.045876
592,ZLA-Zilla,0.058966
593,ZER-Zero,0.4536
594,KRB-Karbo,0.4427
595,BUZZ-BuzzCoin,0.00015385
596,PUT-Profile Utility Token,0.056834
597,BASH-幸运链,0.006788
598,ATM-智媒链,0.00051297
599,CRED-Verify,0.2093
600,BCO-BridgeCoin,0.057113
601,SMLY-SmileyCoin,9.398e-05
602,IFT-InvestFeed,0.010086
603,ADH-AdHIve,0.014458
604,XBP-BlitzPredict,0.006339
605,PFR-Payfair,0.032636
606,BHC-黑洞币,0.13
607,ATB-ATB Coin,0.058305
608,NSR-NuShares,0.00070459
609,MVC-小牛链,0.025103
610,GCN-格罗币,9.12e-06
611,IND-Indorse Token,0.075965
612,PYLNT-Pylon Network,5.379
613,BITS-飞速币,0.446
614,HUC-猎手币,0.081516
615,ERC20-ERC20,0.4913
616,DNR-Denarius,0.342
617,POP-人气币,0.0007117
618,CCRB-CryptoCarbon,0.078015
619,SIG-Signal Token,0.0079
620,EGC-黄金币,0.1334
621,BELA-BelaCoin,0.031247
622,UNI-Universe,0.019941
623,WRC-Worldcore,0.008826
624,BUN-BunnyCoin,8.44e-06
625,OIOC-交子币,0.00014499
626,SUMO-Sumokoin,0.1589
627,FYP-Flypme,0.098726
628,SKC-线团币,0.086113
629,DABT-大数据智能币,0.3469
630,NLX-NulleX,0.040237
631,UNIT-UNIT,0.048961
632,TRCT-Tracto,0.069611
633,ZNY-Bitzeny,0.0
634,XCLR-ClearCoin,0.003307
635,LALA-LALA World,0.008009
636,PING-CryptoPing,0.0
637,DRPU-DRP Utility,0.4087
638,BON-Bonpay,0.1257
639,VSX-Vsync,0.007171
640,XMCC-Monoeci,0.1149
641,CRB-信用币,0.042178
642,STAR-Starbase,0.014063
643,JET-JetCoin,0.1761
644,CL-Coinlancer,0.021405
645,ADC-AudioCoin,0.001722
646,ZET-泽塔币,0.009923
647,LOCI-Loci,0.035544
648,AMN-Amon,0.002366
649,CDN-Canada eCoin,0.009895
650,HYP-HyperStake,0.00123
651,BTRN-Biotron,0.035415
652,KLN-Kolion,2.0302
653,FRC-运输币,0.034448
654,DML-DML,0.02259
655,STAC-StarterCoin,0.0
656,ING-Iungo,0.029694
657,MAO-Mao Zedong,0.2128
658,BIO-BioCoin,0.004691
659,ZENI-Zennies,0.0
660,ARCO-AquariusCoin,0.273
661,STU-bitJob,0.014724
662,EL-Elcoin,0.089995
663,PCN-PeepCoin,3.275e-05
664,VIT-Vice Industry Token,0.00148
665,SPF-Sportyco,0.020141
666,SUR-Suretly,4.5351
667,STAK-STRAKS,0.077756
668,BTDX-Bitcloud,0.060818
669,VME-VeriME,0.016345
670,LANA-LanaCoin,0.00073813
671,PARETO-Pareto Network,0.007682
672,AIX-Aigang,0.026459
673,HUSH-Hush,0.2688
674,ZZC-ZoZoCoin,0.2417
675,CDX-Commodity Ad Network,0.0
676,UNIFY-Unify,0.039365
677,AIB-智链,0.048212
678,OPC-OP Coin,0.00049472
679,DFT-DraftCoin,0.1102
680,ELLA-Ellaism,0.048968
681,TRUMP-TrumpCoin,0.0
682,BTW-BitWhite,0.0322
683,BRO-Bitradio,0.1259
684,DEM-Deutsche eMark,0.01657
685,ZCC-招财币,0.015691
686,RBIES-Rubies,0.069651
687,TAG-悬赏币,0.1427
688,ITT-Intelligent Trading Tech,0.075475
689,TNS-Transcodium,0.011114
690,TRK-Truckcoin,0.0
691,TDX-Tidex Token,0.080337
692,LDC-Leadcoin,0.00074029
693,BVT-VTChain,0.003599
694,PUT-PutinCoin,0.001484
695,ECASH-Ethereumcash,0.049206
696,MEC-美卡币,0.0
697,BSTN-BitStation,0.0
698,BTCS-Bitcoin Scrypt,0.064121
699,EPY-Emphy,0.078424
700,FRST-FirstCoin,0.017224
701,WOMEN-WomenCoin,1.273e-05
702,BRIA-BriaCoin,0.681
703,TIT-TittieCoin,0.0
704,XMG-Magi,0.071409
705,MXT-MarteXcoin,0.1779
706,IFLT-InflationCoin,1.362e-05
707,NYAN-Nyancoin,0.002101
708,EZT-EZToken,0.0
709,CCO-Ccore,0.2968
710,RUPX-Rupaya,0.0
711,JEW-Shekel,0.01187
712,ADZ-Adzcoin,0.011571
713,808-808Coin,2.7e-07
714,START-Startcoin,0.011625
715,TDS-TokenDesk,0.051168
716,NETKO-Netko,0.086113
717,ARC-ArcticCoin,0.0183
718,HNC-火牛币,0.005784
719,RBT-Rimbit,0.002706
720,INN-Innova,0.1096
721,NDC-NEVERDIE,0.010595
722,ARCT-ArbitrageCT,0.005904
723,OTN-Open Trading Network,0.3222
724,FTB-飞特币,0.003392
725,BBT-BitBoost,0.022379
726,CCT-Crystal Clear,0.066675
727,REC-Regalcoin,0.061608
728,BTA-Bata,0.1189
729,VIU-Viuly,0.001073
730,SWING-Swing,0.1151
731,PIPL-PiplCoin,0.003519
732,XBTC21-Bitcoin 21,0.4374
733,RLT-RouletteToken,0.03109
734,ELTCOIN-Eltcoin,0.003761
735,TOKC-Tokyo Coin,0.00098617
736,INSN-INSaNe,0.013355
737,LCP-Litecoin Plus,0.1223
738,MNC-Mincoin,0.050214
739,ORI-Origami,0.0
740,ETG-Ethereum Gold,0.021583
741,CRM-Cream,0.010609
742,GB-GoldBlocks,0.030736
743,UNITS-GameUnits,0.0
744,MCAP-MCAP,0.034441
745,BOLI-Bolivarcoin,0.036334
746,ONX-Onix,0.002706
747,NOX-Nitro,0.020949
748,CJ-Cryptojacks,0.0
749,DSR-Desire,0.027555
750,XVP-Virtacoinplus,0.020281
751,MAY-Theresa May Coin,0.00123
752,MNE-Minereum,0.0
753,VOT-VoteCoin,0.009841
754,CNT-Centurion,0.001968
755,DIX-Dix Asset,8.1e-07
756,J-Joincoin,0.06233
757,GUESS-Peerguess,0.002214
758,GRIM-Grimcoin,0.002226
759,PAK-Pakcoin,0.002952
760,CUBE-DigiCube,0.00011278
761,CASH-现金币,0.003739
762,MSCN-Master Swiscoin,0.0
763,DRM-梦想币,0.068051
764,BOAT-达布隆币,0.003309
765,DMB-Digital Money Bits,0.001744
766,DTC-Datacoin,0.003936
767,TIT-Titcoin,0.0
768,GLT-GlobalToken,0.001994
769,DUO-ParallelCoin,0.2676
770,SCS-Speedcash,0.1947
771,EUC-Eurocoin,0.011319
772,NEVA-NevaCoin,0.026574
773,STV-Sativacoin,0.0
774,FRK-弗兰克币,0.0
775,PONZI-PonziCoin,0.080698
776,ENT-Eternity,0.013784
777,INPAY-Inpay,0.0
778,PNX-Phantomx,0.001803
779,TAJ-TajCoin,0.0
780,DBTC-Debitcoin,0.0
781,ACOIN-Acoin,0.0
782,EGO-EGO Coin,0.0
783,DALC-Dalecoin,0.1508
784,ZYD-Zayedcoin,0.013042
785,NUKO-Nekonium,0.006366
786,QBIC-Qbic,0.024715
787,GSR-GeyserCoin,0.1039
788,CMT-Comet,0.053506
789,PULSE-Pulse,0.0
790,CNNC-Cannation,0.024851
791,CONX-Concoin,0.058581
792,PXI-Prime-XI,0.00123
793,SPT-Spots2,0.00123
794,CREVA-CrevaCoin,0.00024606
795,CXT-Coinonat,0.0
796,LUNA-Luna Coin,0.011373
797,PCOIN-Pioneer Coin,0.003463
798,VLTC-Vault Coin,0.0
799,MDC-Madcoin,0.0
800,SOCC-SocialCoin,0.001476
801,CAB-Cabbage,0.00024926
802,ARGUS-Argus,0.0
803,CRC-CrowdCoin,0.00024484
804,BIT-First Bitcoin,0.025546
805,PIGGY-小猪币,0.0
806,DT-龙币,6.2855
807,ICOO-ICO OpenLedger,0.0
808,COSS-COSS,0.0
809,ETT-EncryptoTel,0.0
810,SMC-SmartCoin,0.007873
811,OBITS-Obits,0.0
812,LKK-Lykke,0.0
813,BIGUP-BigUp,0.0
814,CHESS-ChessCoin,0.0
815,OEX-OEX,0.0
816,DEV-DeviantCoin,0.0
817,GAP-Gapcoin,0.0
818,XCXT-CoinonatX,0.0
819,WBB-WBB,0.0
820,NTRN-Neutron,0.0
821,SRC-安全币,0.0
822,XCPO-Copico,0.0
823,ARI-Aricoin,0.0
824,GBG-Golos Gold,0.059163
825,ADST-AdShares,0.2535
826,SNRG-Synergy,0.0
827,EVR-Everus,0.163
828,DGC-数码币,0.0
829,KEK-KekCoin,0.0
830,ODN-Obsidian,0.024681
831,STA-Starta,0.0
832,PKB-ParkByte,0.0
833,MAG-Magnet,0.0
834,CCC-摩羯币,0.1254
835,MOJO-MojoCoin,0.0
836,NEOG-NeoGold,0.002951
837,VEC2-VectorAI,0.0
838,SXDT-SXDT,1.2347
839,SMART-SmartBillions,0.0
840,ICO-ico币网,0.0
841,WAC-全民链,0.0
842,611-SixEleven,0.0
843,WAND-WandX,0.124
844,PBL-Publica,0.0
845,BTW-比特世界,0.008085
846,GOLF-Golfcoin,0.0
847,CON-PayCon,0.0
848,MAVRO-Mavro,0.0
849,RAIN-Condensate,0.0
850,XTO-Tao,0.0
851,ABJ-Abjcoin,0.0
852,BPC-奔跑币,0.002409
853,HLB-乐跑圈,0.006464
854,WAX-WAX Token,0.2131
855,ELC-埃拉币,0.0
856,MEDIC-MedicCoin,0.0
857,RED-红币,0.0
858,HBC-红包币,0.0
859,SUP-Superior Coin,0.00024967
860,XNG-Enigma,0.068922
861,FJC-FujiCoin,0.00049206
862,RIC-黎曼币,0.0
863,CAT-客户活动代币,0.0
864,BLZ-BlazeCoin,0.0
865,IIC-智投币,0.00045609
866,NTWK-Network Token,0.0
867,GU-谷腾,0.00681
868,BCW-比特奇迹,0.1122
869,PROUD-PROUD Money,0.061172
870,MOON-月亮币,0.0
871,BC-币宝,0.007001
872,GRAM-GRAM,0.00032404
873,FAIR-公平币,0.0
874,BTCA-Bitair,0.0
875,MOT-奥林巴斯,0.2849
876,CCN-CannaCoin,0.0
877,PXC-凤凰电子币,0.0
878,SPD-Stipend,0.0
879,EVIL-Evil Coin,0.0
880,XQN-Quotient,0.01279
881,CAT-BlockCAT,0.0
882,KRONE-Kronecoin,0.0
883,SH-Shilling,0.0
884,STN-Steneum Coin,0.0
885,CMS-COMSA-ETH,0.0
886,BTG-比基币,0.0
887,HAC-Hackspace Capital,0.0
888,CLD-Cloud,0.0
889,CNX-Cryptonex,0.0
890,TRDT-Trident Group,0.0
891,DDM-娱乐星球,0.007059
892,KB3-B3Coin,0.0
893,SNIP-SnipCoin,0.004221
894,XPY-支付币,0.0
895,EBET-EthBet,0.0
896,DAY-Chronologic,0.9459
897,BIFI-Bitcoin File,0.005736
898,BTE-BitSerial,0.0
899,LEEK-韭菜币,0.036661
900,IOT-IoTcoin,1.7365
901,MNM-Mineum,0.0
902,XRA-Ratecoin,0.005166
903,TELL-Tellurion,0.0
904,SHP-Sharpe Capital,0.0
905,UNRC-UNRC,0.00048198
906,BLX-Blockchain Index,0.0
907,SCT-Soma,0.0
908,AMM-MicroMoney,0.053469
909,NRO-Neuro,0.0
910,VSL-vSlice,0.016869
911,SCL-Sociall,0.0
912,FST-快速币,0.0
913,CFI-Cofound.it,0.0
914,ESP-Espers,0.00024354
915,RKC-Royal Kingdom Coin,0.0
916,IC-Ignition,0.0
917,STRC-StarCredits,0.0
918,QUN-QunQun,0.020915
919,WA-WA Space,0.0
920,MARX-马克思币,0.0
921,HGT-HelloGold,0.013083
922,AUR-极光币,0.0
923,GCC-Global Cryptocurrency,0.0
924,WISH-MyWish,0.0
925,TIG-Tigereum,0.0
926,BTWTY-Bit20,0.0
927,FAL-方格币,0.0
928,HODL-HOdlcoin,0.0
929,EVN-Envion,0.0
930,ETHD-Ethereum Dark,0.0
931,ZEPH-Zephyr,0.0
932,GRX-GRX,0.0
933,KNC-KingN Coin,54.1272
934,URO-尿素币,0.0
935,SWP-Swapcoin,0.0
936,ADL-Adelphoi,0.0
937,BDL-Bitdeal,0.0
938,ZSE-黄金链,0.0
939,BSR-BitSoar,0.0
940,RUP-Rupee,0.0
941,ZUR-Zurcoin,0.0
942,BCDN-BlockCDN,0.006075
943,TOP-顶点币,0.0
944,ASAFE2-AllSafe2,0.0
945,MGE-Merge,0.5666
946,CHC-连锁币,0.0
947,BLU-BlueCoin,0.002651
948,LOG-木币,0.0
949,OXY-Oxycoin,0.007954
950,ACP-AnarchistsPrime,0.0
951,SGR-Sugar Exchange,0.0
952,ARG-银特币,0.0
953,PLC-PLC,0.0
954,MCR-Macro,0.0
955,BITUSD-bitUSD,0.0
956,THS-科技股,0.0
957,VLC-价值链,0.049118
958,MCI-MCI,0.0
959,KED-Darsek,0.0
960,STARS-StarCash Network,0.0
961,IGNIS-火链,0.1
962,VISIO-Visio,0.0
963,PLNC-PLNcoin,0.0
964,FRN-法琅,0.0
965,SCC-StockChain,0.004219
966,IDT-InvestDigital,0.012883
967,GOD-比特上帝,10.8404
968,MONK-猴子币,0.0
969,AGLC-AgrolifeCoin,0.0
970,SUPER-SuperCoin,0.0
971,ELE-Elementrem,0.0
972,FVS-自由链,0.0
973,LMC-邻萌宝,0.0
974,USC-USC,0.0
975,ECO-生态币,0.0
976,NEWB-Newbium,0.0
977,BOB-Dobbscoin,0.0
978,QBT-Cubits,0.0
979,BRAIN-Brain coin,0.0
980,MBRS-Embers,0.0
981,LINX-Linx,0.0
982,MINT-薄荷币,0.0
983,MRS-星际币,0.0
984,SPR-SpreadCoin,0.1328
985,MST-MustangCoin,0.0
986,$$$-Money,0.0
987,BDS-无界币,0.2289
988,WGO-WavesGo,0.0
989,HADE-Hade Platform,0.0
990,BAR-Titanium Blockchain,0.0
991,POST-PostCoin,0.00504
992,GCS-GCS游戏公链,0.001634
993,BLAZR-BlazerCoin,0.0
994,CANDY-Candy Token,0.0001471
995,FBTC-快速比特币,1.345
996,UKG-Unikoin Gold,0.0
997,YAC-雅币,0.020418
998,MBI-Monster Byte,0.0
999,BITOK-Bitok,0.0
1000,WINK-Wink,0.0
1001,PZM-Prizm,0.0
1002,BOPO-播酷云,0.00681
1003,RPX-红色脉冲,0.0
1004,WIC-Wi Coin,0.00096404
1005,OCX-OCX,0.0155
1006,SJCX-Storjcoin X,0.0
1007,ITS-智慧交通链,0.0
1008,PHO-光子币,0.0
1009,LTB-莱特银,0.7873
1010,ICOB-ICOBID,0.0
1011,NDAO-NeuroDAO,0.0
1012,ACC-Accelerator Network,0.0
1013,RIYA-Etheriya,0.0
1014,BSN-Bastonet,0.0
1015,DAR-Darcrus,0.0
1016,AI-POLY AI,0.00049206
1017,GOOD-Goodomy,0.0
1018,PLACO-PlayerCoin,0.0
1019,SIGT-Signatum,0.0
1020,IXC-Ixcoin,0.061506
1021,VOLT-Bitvolt,0.0
1022,CSC-卡西诺币,0.001224
1023,PLX-PlexCoin,0.0
1024,UNIC-UniCoin,0.0
1025,WCT-WCT,0.0
1026,SONO-SONO,0.2495
1027,XRE-RevolverCoin,0.0
1028,SND-Sand Coin,0.0
1029,PRES-特朗普总统,0.02603
1030,WETH-wETH,819.17
1031,CMPCO-CampusCoin,0.0
1032,OPAL-Opal,0.0
1033,ATS-Authorship,0.0
1034,OCL-Oceanlab,0.0
1035,MSD-MSD,0.03442
1036,QUBE-Qube,0.003778
1037,FID-Fidelium,0.0
1038,GIM-Gimli,0.0
1039,BITE-比特以太,0.5
1040,TZC-TrezarCoin,0.0
1041,OHNI-Ohni,0.0
1042,ATMC-ATMCoin,0.0
1043,CDC-消费链,0.00048127
1044,GEERT-GeertCoin,0.0
1045,ITZ-Interzone,0.0
1046,GDC-Grandcoin,0.0
1047,ACC-AdCoin,0.072784
1048,DDN-Data Delivery Network,0.1403
1049,LCT-LendConnect,0.1784
1050,EBCH-eBitcoinCash,0.0
1051,GCC-GuccioneCoin,0.0
1052,XRL-Rialto,0.0
1053,YTN-YENTEN,0.019941
1054,AU-AurumCoin,0.0
1055,WEX-威克斯金币,0.0
1056,COR-Corion,0.0
1057,BSTY-GlobalBoost-Y,0.0
1058,KARMA-大象币,0.0
1059,BCY-Bitcrystals,0.0
1060,EMB-EmberCoin,0.0
1061,FUZZ-FuzzBalls,0.0
1062,CTX-CarTaxi Token,0.0
1063,MZC-民族币,0.0
1064,MILO-MiloCoin,0.002952
1065,DCY-Dinastycoin,0.0
1066,BSM-Bitsum,0.0
1067,COUPE-Coupecoin,0.0
1068,BTCRED-Bitcoin Red,0.0
1069,FC2-FuelCoin,0.0
1070,DMC-动力币,0.0
1071,TEK-泰克币,0.0
1072,VIDZ-PureVidz,0.0
1073,MTNC-Masternodecoin,0.0
1074,JIN-Jin Coin,0.0
1075,GYL-共赢链,0.0
1076,EPC-电竞链,0.010805
1077,PROC-ProCurrency,0.0
1078,KBR-Kubera Coin,0.0
1079,DNA-EncrypGen,0.1605
1080,HVCO-High Voltage,0.0
1081,FDX-FidentiaX,0.0
1082,HC-Harvest Masternode Coin,0.0
1083,SHA-SHACoin,0.0
1084,DRG-Dragon Coins,0.4362
1085,BYC-币缘币,0.00083
1086,MBC-乐链,0.1028
1087,ELITE-Ethereum Lite,0.0
1088,PTC-极宝币,0.0
1089,HEC-英雄链,0.00148
1090,XIN-Infinity Economics,0.0
1091,CRAVE-Crave,0.041061
1092,HERO-Sovereign Hero,0.0
1093,TER-TerraNova,0.1836
1094,IRL-IrishCoin,0.0
1095,WSX-WeAreSatoshi,0.0
1096,LNC-Blocklancer,0.0
1097,MARKS-Bitmark,0.0
1098,DDF-Digital Developers Fund,0.0
1099,FRD-Farad,0.0
1100,BCF-BitcoinFast,0.0
1101,TES-特斯拉币,0.0
1102,ICON-Iconic,0.061348
1103,BUMBA-BumbaCoin,0.001885
1104,BCHABC-Bitcoin Cash ABC,745.59
1105,ROLC-再生链,1.4574
1106,XTZ-Tezos,2.5614
1107,INT-inChat Token,47.1824
1108,VNS-Venus,0.026745
1109,FTO-FuturoCoin,29.4428
1110,BCX-比特无限,0.006685
1111,HOT-Holo,0.008227
1112,EULO-优罗链,0.082108
1113,PFC-超粉链,1.4656
1114,BEC-美币,0.2086
1115,CKUSD-CK USD,6.692
1116,BTF-比特信仰,39.9577
1117,ZB-ZB生态,0.8356
1118,TK-TOK Token,0.1435
1119,ATP-星途协议,0.1208
1120,MOAC-墨客,3.1376
1121,SWTC-斯微特,0.005018
1122,BHD-比特硬盘,25.0003
1123,REPO-Repo Coin,3.5095
1124,NRC-新零售币,0.007607
1125,AOA-极光链,0.048852
1126,PAX-Paxos Standard,6.8453
1127,INB-Insight Chain,1.9927
1128,XIN-Mixin,718.85
1129,NPXS-Pundi X,0.004361
1130,ONG-Ontology Gas,2.0057
1131,IVNT-量子加密币,0.019403
1132,HSR-红烧肉,7.9411
1133,THETA-Theta,0.6015
1134,HYN-海伯利安,0.1948
1135,HDAC-Hdac,0.1494
1136,LKY-林奇,5.5302
1137,BHP-算力链,5.3218
1138,BCZERO-BCZERO,0.088898
1139,EURS-STASIS EURS,7.698
1140,WAN-万维链,1.9675
1141,PFT-PFT Token,8.2721
1142,CRO-CRO,0.086896
1143,NEXO-Nexo,0.4297
1144,BTY-比特元,0.7014
1145,FT-FCoin Token,0.1405
1146,BTMC-Bit Miner Chain,1.9444
1147,PAI-Project PAI,0.2028
1148,XET-永恒代币,3.7301
1149,BAXS-盒轴链,0.7471
1150,EMT-电音链,0.2628
1151,DGTX-Digitex Futures,0.2371
1152,OSA-OSA,0.1608
1153,FN-Filenet,5.5352
1154,NPC-NPC,0.0
1155,BNK-Bankera,0.014697
1156,APL-Apollo Currency,0.010692
1157,DFT-炖粉条,1.0011
1158,CET-CoinEx Token,0.043444
1159,ETZ-以太零,0.6217
1160,TCT-TokenClub,0.2179
1161,BZKY-Bizkey,0.084921
1162,GBC-Gold Bits Coin,0.79
1163,GT-Bitget Token,0.7205
1164,KEY-币乎,0.006495
1165,HYC-Hycon,0.057876
1166,INVE-InterValue,0.049914
1167,BF-BitForex Token,0.045699
1168,NSD-Nasdacoin,4.292
1169,NEC-Nectar,0.9194
1170,MITH-秘银币,0.2268
1171,SW-Super Wallet,5.4913
1172,BTCP-Bitcoin Private,7.4167
1173,BTH-比特热点,0.062099
1174,BTN-比新链,0.2168
1175,QNT-Quant,27.7913
1176,EDR-Endor Protocol,0.1999
1177,TRIP-Trip Token,5.0595
1178,BTP-比特支付,0.6202
1179,AUTO-Q博智能币,0.015555
1180,UBTC-比特联储,6.4489
1181,GO-GoChain,0.1296
1182,NLF-New Life,1.0093
1183,XYO-XYO Network,0.018831
1184,DLB-数链,0.093032
1185,SUT-Sum Token,1.2156
1186,LML-LML,0.6781
1187,BU-BU-TOKEN,0.1899
1188,SAFE-安网币,4.6482
1189,DATA-Streamr DATAcoin,0.1133
1190,BZNT-Bezant,0.173
1191,PMA-PumaPay,0.003503
1192,MAN-MATRIX,0.5379
1193,APIS-APIS,0.011462
1194,CARX-车誉链,0.4251
1195,SMART-SmartCash,0.062398
1196,CWV-CryptoWorld.VIP,0.018497
1197,TCH-Tiger Cash,0.1051
1198,ONE-ONE,0.009834
1199,ABC-ABC.Chain,0.1362
1200,RHOC-RChain,0.1873
1201,SMARTUP-SmartUp,0.057495
1202,INS-Insolar,1.8572
1203,NRG-Energi,3.8759
1204,RCOIN-R币,11.2722
1205,OST-OST,0.1366
1206,CHX-Own,1.5078
1207,BZ-Bit-Z Token,0.4584
1208,DDD-Scry,0.1334
1209,EOSC-EOS原力,0.077382
1210,AT-ABCC Token,0.5138
1211,VIAT-ViaBTC Token,0.051113
1212,GTC-G币,0.056684
1213,EBANK-以太坊银行,0.3506
1214,XMC-门罗经典,3.7036
1215,BCV-币威,0.095198
1216,NASH-纳希币,0.00083334
1217,NCASH-Nucleus Vision,0.011789
1218,GAT-Global AEX Token,0.003687
1219,NKN-NKN,0.1834
1220,MXC-MXC,0.056902
1221,JAC-联招链,0.010978
1222,NIX-NIX,1.1128
1223,AOG-smART OF GIVING,0.8758
1224,ICC-ICC,0.015834
1225,PHX-Red Pulse Phoenix,0.056166
1226,SCRL-Scroll,0.255
1227,CPT-Cryptaur,0.030075
1228,VITAE-Vitae,4.9118
1229,CVNT-Content Value Network,0.1051
1230,DEW-DEW,0.5149
1231,UL-优令,4.3587
1232,KAN-BitKan,0.008547
1233,EKT-多链技术,0.05016
1234,ECOREAL-Eco Real Estate,0.5074
1235,VITE-VITE,0.094973
1236,NOAH-Noah Coin,0.001384
1237,BEU-教育生态链,0.1151
1238,KEY-Selfkey,0.018735
1239,SBTC-超级比特币,2.6786
1240,BPX-布勒人参,0.069134
1241,MGD-羊驼币,0.3442
1242,MFT-Mainframe,0.024661
1243,BIT-币神,0.1859
1244,DICE-BetDice,0.009364
1245,CCCX-Clipper Coin,0.015473
1246,WWB-Wowbit,0.1428
1247,AMO-AMO Coin,0.00386
1248,SINOC-新诺科,0.058571
1249,NEWOS-传播链,0.011564
1250,JNT-加百利,0.2172
1251,NCS-牛币,0.081529
1252,COSM-Cosmo Coin,0.080712
1253,HLC-绿色食品链,0.070707
1254,DX-DxChain Token,0.00102
1255,LBTC-闪电比特币,11.0842
1256,RC-Racecoin,0.2189
1257,ZZEX-ZZEX Coin,0.6301
1258,SDA-六域链,0.030102
1259,FTM-Fantom,0.026881
1260,ATX-Aston,0.020956
1261,QNTU-QNTU,0.001134
1262,LP-LianPai Token,1.6549
1263,POA-POA Network,0.1848
1264,DIG-Dignity,0.04279
1265,OLE-Olive,0.009357
1266,ZIP-Zipper,0.002463
1267,LBA-Cred,0.061881
1268,ET-易能币,0.0
1269,YCC-原链,0.033535
1270,CTC-Credit Tag Chain,0.156
1271,ECOIN-E币,0.014792
1272,CET-畅思币,0.051855
1273,YOU-YOU Token,0.03077
1274,CAM-中企矩阵,0.4449
1275,QCH-QChi,1.6815
1276,META-Metadium,0.040952
1277,RFR-Refereum,0.012817
1278,RTH-Rotharium,7.3568
1279,CGK-菠菜,0.093911
1280,ECOM-Omnitude,0.4524
1281,BUC-Bit Union Coin,0.032997
1282,BPP-比特之光,0.057999
1283,DOCK-Dock,0.05868
1284,GRIN-Grin,35.4775
1285,PLY-PlayCoin [ERC20],0.1862
1286,THPC-德扑币,0.005149
1287,ROX-Robotina,0.128
1288,JEX-JEX Token,0.034679
1289,MR-怪兽,0.1456
1290,USE-Usechain Token,0.007947
1291,YKC-云开币,1.8443
1292,TTF-TTF,0.085377
1293,GIN-GINcoin,5.0623
1294,CRYP-CrypticCoin,0.010488
1295,PNT-梵塔网络,0.001382
1296,BOX-BOX,0.2786
1297,INO-Ino Coin,4.6005
1298,ZT-ZBG Token,0.2276
1299,777-777,0.005894
1300,MTN-Motion,0.059674
1301,DTA-DATA,0.004735
1302,CDR-数金币,0.265
1303,DCC-DCC,0.008186
1304,DGX-Digix Gold Token,297.93
1305,AFC-信用链,0.1241
1306,HPC-算力坊,0.049247
1307,SWFTC-速币,0.00681
1308,DERO-Dero,4.7367
1309,SKB-Sakura Bloom,0.008942
1310,DAPS-DAPS Token,0.00047626
1311,PAC-Paccoin,0.004922
1312,EOSDAC-eosDAC,0.038078
1313,DEC-DEC,0.5305
1314,CNN-CNN,0.00084008
1315,XEL-XEL,0.2079
1316,GSE-GSENetwork,0.002285
1317,GEN-DAOstack,0.7464
1318,UCTT-UCTT,0.010713
1319,IMT-Moneytoken,0.002393
1320,CZR-标准链,0.054089
1321,FOTA-Fortuna,0.05776
1322,OIO-Online,0.040754
1323,LIF-Winding Tree,0.8322
1324,OPQ-Opacity,0.1456
1325,ZCN-0chain,0.5329
1326,CHEX-CHEX,0.045133
1327,EDN-Eden,0.022992
1328,PAI-PCHAIN  Network,0.04168
1329,USC-幽闪付,6.8078
1330,TRIO-Tripio,0.011673
1331,SINS-SafeInsure,24.7272
1332,CBT-Commerceblock,0.05285
1333,VIN-VINchain,0.046155
1334,GENE-基因源码链,0.034897
1335,CNET-Currency Network,0.182
1336,HORUS-HorusPay,0.02131
1337,BWX-Blue Whale Token,0.00063461
1338,ATN-ATN,0.19
1339,BAAS-BaaSid,0.008629
1340,MRK-MARK.SPACE,0.033113
1341,SPC-太空链,0.033589
1342,TUBE-BitTube,0.1533
1343,ACG-艺术全球,0.0259
1344,IVY-Ivy,0.063876
1345,HMC-Hi Mutual Society,0.043669
1346,CLO-Callisto Network,0.019328
1347,SSP-Smartshare,0.006837
1348,DACS-Dacsee,0.022985
1349,SEER-SEER,0.004464
1350,FXT-FuzeX,0.019185
1351,CCC-控银币,0.018858
1352,CEEK-CEEK VR,0.035333
1353,DTX-DaTa eXchange,0.775
1354,FAB-​发链,0.49
1355,ISR-Insureum,0.049022
1356,ISC-I Chain,0.1362
1357,PLAT-BitGuild PLAT,0.005199
1358,POCS-支付链,0.4114
1359,NCC-NCC,0.029115
1360,YEE-亿币,0.007627
1361,HLM-Helium,0.4985
1362,IOG-Playgroundz,0.5384
1363,AVH-AVH,0.002982
1364,BOC-宾果币,0.075182
1365,QB-趣币,2.366
1366,BIKI-BIKI Token,0.03897
1367,BRM-梵币,0.02197
1368,OTB-OTCBTC Token,0.1634
1369,PTN-PalletOne,0.040352
1370,KARMA-KARMA,0.003702
1371,XHV-Haven,1.5902
1372,SOC-All Sports Coin,0.023646
1373,SEELE-元一代币,0.021977
1374,HIT-HitChain,0.00057903
1375,SEC-社交电商链,0.059034
1376,MOF-分子未来,0.2104
1377,EBC-EBCoin,0.003647
1378,HPT-火币矿池全球生态通证,0.018088
1379,BKBT-币快报币,0.003686
1380,CP-CoinPark Token,0.004571
1381,UGAS-超脑链,0.4857
1382,FTT-FarmaTrust,0.019532
1383,LET-林可爱,0.021589
1384,OF-福币,0.00121
1385,AIDOC-天医,0.023912
1386,WET-WeShow Token,0.067431
1387,SKM-时光簿,0.020302
1388,MCS-魔方链,0.9153
1389,FTI-FANSTIME,0.003554
1390,PAL-Pal Network,0.026336
1391,BTMX-BTMX Token,0.1243
1392,BAI-BAIC,0.00086848
1393,ADE-DMChain,0.059892
1394,DAX-DAEX,0.023714
1395,UBT-Unibright,0.1001
1396,ELET-源质币,0.002052
1397,KAT-Kambria,0.03267
1398,MESH-MeshBox,0.00621
1399,UUU-U Network,0.001792
1400,BSP-BSPNetwork,0.0
1401,NOTE-DNotes,0.070442
1402,TMT-Traxia,0.023837
1403,BCAC-商信链,0.019069
1404,HOT-Hydro,0.016788
1405,HVN-Hiveterminal,0.017258
1406,GARD-Hashgard,0.0003062
1407,OC-海洋币,0.002146
1408,BKK-币客币,0.122
1409,LCS-Local Coin Swap,0.4766
1410,QAC-Quasarcoin,0.1448
1411,TPT-TokenPocket,0.011659
1412,MOL-摩尔,0.00083211
1413,ZEL-ZelCash,0.2221
1414,SAC-SAC,0.2975
1415,TOS-TOS Token,0.021712
1416,MDT-量数币,0.026227
1417,FOXT-Fox Trading,0.8022
1418,SOUL-Phantasma,0.167
1419,WTL-Welltrado,0.2866
1420,BOX-ContentBox,0.014234
1421,PXC-妖精币,0.003181
1422,CARD-Cardstack,0.005932
1423,SEM-Semux,1.4642
1424,XDAG-Dagger,0.015902
1425,BKX-班凯克斯,0.082803
1426,TBT-Time Bank Token,0.011101
1427,CSI-CSI,0.00023823
1428,BXC-BonusCloud Token,0.007151
1429,LIGHT-光链,0.00021943
1430,YEED-Yggdrash,0.002466
1431,GET-Themis,0.008629
1432,RMESH-RightMesh,0.2253
1433,KCASH-Kcash,0.030681
1434,UBEX-Ubex,0.003644
1435,TTV-TV-TWO,0.040754
1436,SLU-Silubium,0.4185
1437,COIN-Coinvest,0.0
1438,EGT-Egretia Token,0.002476
1439,LFC-Linfinity,0.014996
1440,CEN-CEN,0.032132
1441,OSCH-开源链,0.00055554
1442,IFOOD-Ifoods Chain,0.004199
1443,MVL-MVL,0.001852
1444,EON-EON,0.005799
1445,SET-点集网络,0.0007461
1446,INSUR-InsurChain,0.001101
1447,COMC-社区链,0.2623
1448,INC-影链,0.042116
1449,PSM-普拉森,0.002218
1450,INV-Invacio,0.2056
1451,UNC-UniCoin,0.00118
1452,CNMC-农业生态链,0.03156
1453,MSR-Masari,0.7048
1454,CONI-Coni Token,0.052843
1455,GSC-光速链,0.022291
1456,HOR-时光币,0.007791
1457,DAG-DAG Token,0.056623
1458,TOL-Tolar,0.035285
1459,LPC-Lightpaycoin,1.0883
1460,ABYSS-The Abyss,0.035095
1461,CT-Coinyee Token,0.6892
1462,VITES-Vites Coin,0.0
1463,JRC-金融链,0.010978
1464,LXT-闪付币,0.011966
1465,BTT-BlockTrade,0.1516
1466,SUSD-sUSD,6.5654
1467,BIR-Birake,0.0
1468,SS-豆匣,0.024627
1469,MT-MyToken,0.008574
1470,ONL-On.Live,0.3416
1471,RED-红色令牌,0.04102
1472,AIC-AI Crypto,0.002302
1473,KKG-KKGame Token,0.002681
1474,MX-抹茶,0.020404
1475,DATX-DATx,0.004109
1476,PDX-PDX Blockchain,0.003304
1477,PC-推广链,0.001349
1478,TTT-TrustNote,0.02402
1479,VEX-Vexanium,0.021739
1480,ELI-Eligma Token,0.049342
1481,PAT-Patron,0.017012
1482,RCCC-RCCC,0.1244
1483,OLT-OneLedger,0.023101
1484,EOP-柚子空间,0.006154
1485,DAG-Constellation,0.00854
1486,XMX-XMAX,0.001018
1487,BOXX-BOXX Token,0.3101
1488,CBC-CashBet Coin,0.043294
1489,STK-STK Token,0.015868
1490,MAS-Midas Protocol,0.030477
1491,NBC-Niobium Coin,0.0
1492,MEET-CoinMeet,0.028284
1493,ESN-Ethersocial,0.1332
1494,OWN-OWNDATA,0.00052182
1495,PNK-Pinakion,0.033079
1496,FAIR-Fair.Game,0.010072
1497,CAI-CAI,0.00050718
1498,ARP-阿普协议,0.0
1499,SVD-savedroid,0.002557
1500,TTU-TaTaTu,0.045971
1501,STC-星链,0.010215
1502,QOS-QOS Chain,0.00608
1503,MLC-Mallcoin,0.0
1504,HAND-梭哈,1.396e-05
1505,XBI-XBI,0.4828
1506,MTC-MTC Mesh Token,0.016522
1507,IOV-车联网币,0.00433
1508,GUS-竞赛币,0.0
1509,SSC-SelfSell Coin,0.020533
1510,DAGT-DAGT,0.2713
1511,WIX-Wixlar,0.084676
1512,ZPR-ZPER token,0.007348
1513,AT-AWARE Token,0.01768
1514,PCH-POPCHAIN CASH,0.021528
1515,BBC-Tradove B2BCoin,0.01533
1516,ETK-EnergiToken,0.006148
1517,SEAL-Seal Network,0.005135
1518,WAB-WABnetwork,0.00056228
1519,BEET-Beetle Coin,0.034413
1520,EDU-教育积分,0.00090063
1521,PYN-Paycent,0.135
1522,OPX-Opes Protocol,0.012701
1523,KIND-Kind Ads Token,0.1121
1524,SUQA-SUQA,0.010828
1525,LIKE-赞赏币,0.013403
1526,WIN-WinToken,0.001677
1527,RPM-Repme,0.00010896
1528,TGAME-Truegame,0.06406
1529,IX-IX Token,0.009303
1530,FGC-法国菜,0.013021
1531,QBT-Qbao,0.114
1532,THRT-Thrive Token,0.063018
1533,SNTR-Silent Notary,7.546e-05
1534,DAT-Datum,0.005894
1535,FTX-FintruX Network,0.1862
1536,TOK-TOK Token,0.034475
1537,WIRE-AirWire,0.039297
1538,ABX-Arbidex,0.0
1539,18C-Block18,0.012953
1540,ACAT-Alphacat,0.001504
1541,ICR-InterCrone,0.2341
1542,HTB-HTB,0.0
1543,OMX-Shivom,0.004873
1544,FLP-Gameflip,0.1054
1545,AAC-锐角币,0.016379
1546,DB-数字区块,0.004864
1547,STB-软资链,0.032997
1548,FUC-富链,0.08932
1549,PHI-PHI Token,0.0
1550,PPS-预言家,0.01108
1551,PTT-质子链,0.0009231
1552,EXT-历链,0.00089899
1553,LEDU-Education Ecosystem,0.018797
1554,FACE-Faceter,0.008145
1555,3DC-3D链,0.1379
1556,PORTAL-Portal,0.010304
1557,BIZ-商链,0.003237
1558,TAT-乐块,0.00083511
1559,BUT-BitUP,0.009017
1560,VCT-ValueCyber,0.069393
1561,NBR-Niobio Cash,0.033651
1562,BLUE-Blue Protocol,0.1516
1563,MVP-Merculet,0.001529
1564,PMD-金字塔,0.011101
1565,UC-优币,0.0009812
1566,DANG-当当链,0.00809
1567,ABL-Airbloc,0.035244
1568,AAA-AAAChain,0.0013
1569,SDS-阿基米德,0.021766
1570,BIN-Bin,0.002089
1571,IMOS-智造链,0.016583
1572,SCTK-SharesChain,0.00041605
1573,BITX-BITX,0.048866
1574,DIY-DIY链,0.01296
1575,RET-RealTract,0.00074038
1576,ECN-E-Coin,0.0
1577,BOSS-BOSS Token,4.843
1578,SRCOIN-Srcoin,0.00063971
1579,MODX-MODEL-X-coin,0.1699
1580,VNT-维特链,0.005366
1581,VLD-Vetri,0.016338
1582,SCC-SiaCashCoin,0.00037499
1583,FISH-鱼币,0.005574
1584,KC-千云链,0.0155
1585,IQN-IQeon,1.4731
1586,LTHN-Lethean,0.008322
1587,CB-COINBIG Token,0.009255
1588,NKC-Nework,0.024817
1589,ERT-Eristica,0.021514
1590,UCN-优链,0.003269
1591,TAC-溯源链,0.012293
1592,XCASH-X-Cash,9.786e-05
1593,ZCR-ZCore,1.3021
1594,SOP-SoPay,0.007144
1595,BETHER-Bethereum,0.008397
1596,HSC-哈希币,0.00068732
1597,HVT-HireVibes,0.020166
1598,C8-C8,0.0
1599,0XBTC-0xBitcoin,1.2803
1600,ORS-本源币,0.020676
1601,IONC-IONChain,0.016651
1602,TKGN-托肯卫士,0.0
1603,RRC-RRCoin,0.010685
1604,AIT-智能链,0.005479
1605,WAL-Whale Token,0.039229
1606,PT-Predict Token,0.030279
1607,REF-引荐令牌,3.5476
1608,NPER-NPER,0.040393
1609,TOP-TOP.ONE COIN,0.002397
1610,FEX-FEX Token,0.0
1611,RCT-真链,0.004246
1612,BTRCM-比特魔方,0.1121
1613,LION-Coin Lion,0.084778
1614,BTI-Bitcoin Instant,0.006885
1615,GOOC-谷壳币,0.010815
1616,BTXC-Bettex Coin,0.5254
1617,CIC-云保链,0.001869
1618,NPXSXEM-Pundi X NEM,0.002802
1619,CRC-CryCash,0.4743
1620,XSG-SnowGem,0.3708
1621,XMCT-海医币,0.010631
1622,HER-HeroNode,0.00294
1623,AUX-Auxilium,0.021827
1624,KRL-Kryll,0.2843
1625,ALI-阿里币,0.002071
1626,RATING-DPRating,0.001637
1627,DSCB-数据盾银行,5.537e-05
1628,EUNO-EUNO,0.1838
1629,PMNT-Paymon,0.004574
1630,EQUAD-QuadrantProtocol,0.006434
1631,VNX-VisionX,0.0005379
1632,FREC-弗雷尔币,0.004221
1633,IDH-IDHub,0.027453
1634,HOTC-热度链,0.008649
1635,CPLO-Cpollo,0.0002748
1636,ECOM-Ecom Chain,0.00066403
1637,EDS-赞我股,0.00020431
1638,KMC-孔明屋,0.005518
1639,RLX-Relex,0.00079949
1640,RTB-AB-Chain RTB,0.1198
1641,TDP-TrueDeck Platform,0.1719
1642,ALC-Allcoin,0.069536
1643,EJOY-ETHER JOY,0.0
1644,GGPC-GGPC,0.0
1645,ZIPT-Zippie,0.007478
1646,ETHM-Ethereum Meta,0.009058
1647,LKN-LinkCoin Token,0.004038
1648,TIX-彩币,2.758e-05
1649,DAN-Daneel,0.044568
1650,HB-HeartBout,0.032663
1651,MUSK-MUSK Token,0.006429
1652,XYT-柔付币,0.014002
1653,BMH-BlockMesh,0.01676
1654,BDB-币多币,0.026997
1655,MNP-MNPCoin,0.7573
1656,CST-Cryptosolartech,0.008479
1657,NAVI-Naviaddress,0.008342
1658,CDM-Condominium,0.001469
1659,CHL-Challenge DAPP,0.00055411
1660,PGD-火眼币,0.037437
1661,METM-MetaMorph,0.022897
1662,TST-雷石,0.0
1663,CMM-Commercium,0.054089
1664,POK-PokerCoin,0.007505
1665,CFL-CryptoFlow,0.014206
1666,ZJLT-ZJLT,0.002709
1667,CCL-CyClean,0.00202
1668,CYFM-CyberFM,1.225e-05
1669,MFG-SyncFab,0.00807
1670,TRA-旅行链,0.00022829
1671,BZX-Bitcoin Zero,0.094497
1672,SKYFT-SKYFT Token,0.00758
1673,NER-Nerves,0.00018804
1674,SHPING-Shping,0.00085895
1675,XOV-XOVBank,0.014867
1676,CAF-方圆,0.005431
1677,GENE-Parkgene,0.0
1678,S-沙皮,0.0
1679,AUC-Auctus,0.090451
1680,LDBC-物数链,0.0
1681,ACM-Actinium,0.0
1682,PENG-Penguin Coin,0.00024593
1683,BIT-BitRewards,0.003556
1684,ETHO-Ether-1,0.073615
1685,TCASH-TCASH Token,0.070312
1686,VDO-维度,0.079547
1687,KNT-KNT,0.004512
1688,UCASH-裕金,0.00068964
1689,FACC-FACC,0.005236
1690,ONE-Menlo One,0.006448
1691,FREE-FREE Coin,2.7e-07
1692,AKA-Akroma,0.034522
1693,EAI-以太智联,0.016638
1694,RPD-Rapids,0.00075829
1695,BBO-Bigbom,0.004776
1696,WIZ-CrowdWiz,0.1322
1697,VIEW-View,0.0
1698,RISK-RISK,0.00031839
1699,MORE-More Coin,0.4618
1700,BC-管家币,0.0
1701,LUC-Level Up Coin,0.00073956
1702,SEXC-ShareX,0.001621
1703,EXMR-EXMR,0.0
1704,PGN-鸽子币,0.00050854
1705,KWATT-4NEW,0.008138
1706,ENTS-EUNOMIA,5.72e-05
1707,ZAT-承云,0.012286
1708,APR-APR Coin,0.1298
1709,PCCM-PCCM,0.015821
1710,ADI-Aditus,0.004749
1711,NCP-NCP,8.92e-06
1712,SHDW-Shadow Token,0.0
1713,BTK-Bitcoin Token,8.717e-05
1714,DRCT-DRC Token,0.007764
1715,GVE-世界村,0.002274
1716,CFUN-CFun,0.002691
1717,DIT-DIT,0.006912
1718,EVI-Evimeria,4.59e-05
1719,SCRIV-SCRIV NETWORK,0.030361
1720,WELL-WELL,0.014778
1721,AC3-AC3,0.0
1722,VSC-体育币,0.00332
1723,BLOC-BLOC.MONEY,0.0
1724,ELY-Elysian,0.01089
1725,FND-FundRequest,0.018272
1726,ITL-Italian Lira,0.0002257
1727,WEB-Webcoin,0.025035
1728,UTO-优旅链,0.1043
1729,2GO-CoinToGo,0.1054
1730,TELOS-Teloscoin,0.018225
1731,ABS-Absolute,0.098535
1732,CHT-热币,0.01294
1733,SER-Seratio Token,0.0
1734,MASH-Masternet,0.019267
1735,BUNNY-BunnyToken,0.004906
1736,PRMI-般若波罗蜜,0.0
1737,NDX-nDEX,0.0
1738,XUN-UltraNote Coin,0.00048975
1739,BITS-Bitcoinus,0.00931
1740,LOVC-爱酒链,0.001753
1741,AEG-Aegeus,0.022182
1742,IRD-Iridium,0.04038
1743,HELP-GoHelpFund,0.1787
1744,NXCT-New XChain Token,0.00079833
1745,TKA-Tokia,0.017659
1746,DOR-Dorado,0.001516
1747,GPKR-Gold Poker,0.5112
1748,CTL-Citadel,0.075277
1749,JOT-JOT,0.034516
1750,CG-数字艺术链,0.010856
1751,BCG-BCG Chain,0.005725
1752,DTRC-Datarius Credit,0.003946
1753,ZINC-ZINC,0.2185
1754,DEAL-iDealCash,0.0007478
1755,VTC-以特币,0.009997
1756,BPTN-名人链,0.001668
1757,GRMD-GreenMed,0.024654
1758,KZC-KZCash,0.2608
1759,ENGT-Engagement Token,0.00093257
1760,FTXT-FUTURAX,0.00019124
1761,BEFC-BEFC,0.0
1762,HUR-Hurify,0.002562
1763,HUZU-HUZU,0.2834
1764,ABAO-阿拉丁钱包,0.0
1765,CYL-Crystal Token,0.7879
1766,BCT-币森币,0.00088769
1767,FBN-Fivebalance,3.248e-05
1768,WEB-Webchain,0.008567
1769,BWS-BWS,0.004237
1770,MMC-迈阿币,0.006878
1771,XGOX-XGOX,0.00030429
1772,MMO-MMOCoin,0.008227
1773,BZ-BiClub Token,0.0
1774,COMP-Compound Coin,1.709e-05
1775,LOTO-Lotoblock,0.0
1776,TIC-Thingschain,2.485e-05
1777,PKG-PKG Token,4.998e-05
1778,VOCO-Provoco Token,0.001883
1779,MTRC-ModulTrade,0.053619
1780,TOTO-Tourist Token,7.838e-05
1781,ZEUS-Zeus Crowdfunding,2.51e-06
1782,AZART-Azart,0.094272
1783,AIDT-AIDT,0.1128
1784,WIT-智慧链,0.0002212
1785,WTE-Witee,0.0
1786,ZNT-ZNT,2.445e-05
1787,DSCOIN-天网,5.734e-05
1788,STEEP-SteepCoin,0.001557
1789,MICRO-Micromines,1.627e-05
1790,CSTL-Castle,0.030661
1791,IG-爱奇,0.00027065
1792,SOL-Sola Token,0.012926
1793,VIKKY-VikkyToken,0.0
1794,EGX-EagleX,0.012245
1795,BTCN-BitcoiNote,0.022645
1796,SNR-SONDER,0.00119
1797,MORPH-Morpheus Network,0.007423
1798,SOUL-CryptoSoul,0.0
1799,PSC-PrimeStone,0.049601
1800,RPI-RPICoin,0.00049785
1801,BIGE-BIGE,0.060403
1802,GDP-GDEX Point,0.038507
1803,TYPE-Typerium,0.004947
1804,WAGE-Digiwage,0.005483
1805,POSS-Posscoin,8.17e-06
1806,WTN-WaleTokeN,0.0
1807,NRP-Neural Protocol,3.139e-05
1808,XCO-X-Coin,0.0
1809,TSC-Thunderstake,0.00024484
1810,CYMT-CyberMusic,3.255e-05
1811,PLURA-PluraCoin,0.0
1812,DART-DarexTravel,0.0
1813,BLAST-BLAST,0.004897
1814,VOC-语音链,0.00043267
1815,EES-超级能源,0.044997
1816,BTR-Bitether,0.008118
1817,BZL-BZLcoin,0.067302
1818,CHEESE-Cheese,0.00024926
1819,DIN-Dinerocoin,0.014343
1820,JLL-教链,0.00013137
1821,JS-JavaScript Token,0.0
1822,ZBA-Zoomba,0.014956
1823,DATP-DATP,1.627e-05
1824,BSTK-根源卡,0.0002353
1825,ATH-Atheios,0.014445
1826,ESCE-Escroco,0.0
1827,MRI-Mirai,0.042538
1828,KNT-Knekted,0.00032425
1829,BTAD-Bitcoin Adult,0.005982
1830,PYX-PyrexCoin,0.019832
1831,NFSC-食安币,3.269e-05
1832,DDX-dietbitcoin,0.06327
1833,CPS-币爪世界,0.0
1834,ECT-ECT,0.00016352
1835,HEY-美丽链,0.001516
1836,CTRT-Cryptrust,2.445e-05
1837,BNC-Bionic,0.0
1838,PHON-PhoneCoin,0.1111
1839,DELTA-DeltaChain,3.255e-05
1840,SIM-Simmitri,0.063849
1841,JOINT-Joint Ventures,0.004836
1842,XIND-Indinode,0.00024926
1843,APC-Alpha Coin,0.001246
1844,HAVY-Havy,2.445e-05
1845,EZW-EZOOW,8.17e-06
1846,NYEX-Nyerium,0.007478
1847,KUN-KUN token,34.2552
1848,MFIT-MFIT Coin,0.0
1849,IMP-IMP,0.1399
1850,AIRDROP-AirdropToken,3.548e-05
1851,YLC-YoloCash,0.001663
1852,BTCONE-BitCoin One,0.002448
1853,URALS-Urals Coin,0.005972
1854,UET-UET,0.017128
1855,FNTB-Fintab,0.01721
1856,ACTP-ACTP,0.0
1857,MFTU-MFTU,0.00019737
1858,PNY-PEONY,0.003739
1859,RAGNA-Ragnarok,0.005483
1860,WFC-热点币,0.00185
1861,STR-Staker,0.021187
1862,ROCK-Rocketcoin,0.0
1863,DOLLAR-Dollar Online,0.0
1864,BENZ-Benz,0.001105
1865,HMC-HarMonyCoin,0.0
1866,MOC-MomoCash,0.00097943
1867,RSTR-Ondori,0.0
1868,PALT-友链,0.001294
1869,PTI-Paytomat,0.03568
1870,RIF-RIF,0.535
1871,RBTC-RSK,24709.45
1872,SPND-Spendcoin,2.0642
1873,VLU-Valuto,0.006455
1874,VECT-微医币,0.0
1875,VDG-VeriDocGlobal,0.008737
1876,VPP-价值承诺协议,0.0
1877,WIT-万通宝,0.122
1878,WKT-威客币,0.0
1879,WHC-Wormhole,0.0
1880,ZP-Zen Protocol,1.0263
1881,MEETONE-MEET.ONE,0.012606
1882,MESSE-Messe Token,0.098242
1883,3DB-三点半,0.0
1884,AGLT-Agrolot,0.0
1885,ABBC-Alibabacoin,0.3754
1886,ASA-Asura Coin,0.003539
1887,BBK-Bitblocks,0.0
1888,BBK-Brickblock,0.004407
1889,CTIC3-Coimatic 3.0,0.0
1890,COO-COO币,0.353
1891,DKPC-DarkPayCoin,0.1104
1892,EOSRAM-EOS内存,0.0
1893,ETU-以太宇宙,0.00038343
1894,FLOT-Fire Lotto,0.1648
1895,FMF-宝岛金融,0.004761
1896,FTN-Fountain,0.2275
1897,HHH-H网通证,0.0
1898,NOS-nOS Token,0.2814
1899,ONOT-ONO,0.002077
1900,ORS-ORS Group,0.0
1901,PTR-Petro,0.0
1902,XPX-ProximaX,0.020935
1903,SHVR-Shivers,0.0
1904,SNPC-SnapCoin,0.099387
1905,SOOM-SOOM,0.093734
1906,TMC-Timicoin,0.1209
1907,TKT-Twinkle,0.033766
1908,UT-Ulord,0.1912
1909,VTHO-雷神之能,0.001975
1910,VULC-Vulcano,0.024926
1911,WT-WeToken,0.008581
1912,MIR-MIR COIN,0.3002
1913,MOM-MomToken,0.0
1914,AAA-Abulaba,0.00098365
1915,AEN-Aencoin,0.09167
1916,PASS-Blockpass,0.0
1917,CLN-Colu Local Network,0.039692
1918,DASC-Dascoin,0.1228
1919,DOW-Dowcoin,0.09812
1920,DWS-DWS,0.023857
1921,ADD-EOSADD,0.001762
1922,ESS-Essentia,0.007832
1923,GMBC-Gamblica,0.007682
1924,GOT-GoNetwork,0.092174
1925,HEDG-HedgeTrade,0.9241
1926,HNDC-HondaisCoin,2.99e-06
1927,INCO-Incodium,0.002304
1928,FKX-Knoxstertoken,0.01467
1929,LAMB-Lambda,0.088149
1930,LST-LST,0.006154
1931,RDC-Ordocoin,2.492e-05
1932,PKC-PikcioChain,0.1788
1933,RBMC-Rubex Money,0.002693
1934,SNO-SaveNode,0.003739
1935,SHARD-Shard,0.0
1936,STACS-STACS,0.0
1937,ULT-Ultiledger,0.046768
1938,WBL-WIZBL,0.034529
1939,XTRD-XTRD,0.003784
1940,LYL-LoyalCoin,0.0
1941,MVPT-MVPT,0.0
1942,AGVC-龙舌兰币,0.0
1943,BDT-BDT Token,0.0
1944,BTB-BiTBrothers,0.0
1945,BKB-币客积分,0.7491
1946,BUBO-Budbo,0.01672
1947,CARAT-CARAT,0.0
1948,COBRA-Cobrabytes,0.004947
1949,COU-Couchain,0.0
1950,CROP-Cropcoin,0.0
1951,CHE-CHE,0.00034325
1952,DIVI-Divi,0.015882
1953,EARTH-Earth Token,0.001221
1954,EVN-EvenCoin,0.0
1955,F1C-Future1coin,0.028611
1956,GST-Game Stars,0.002233
1957,HERB-Herbalist Token,4.903e-05
1958,HLD-HyperLending,0.040924
1959,NEXT-Next.exchange,0.5657
1960,NPW-新力量币,0.7491
1961,OAS-Oases Chain,0.002047
1962,PLY-PlayCoin [QRC20],0.1871
1963,QBIT-Qubitica,42.3435
1964,RTE-Rate3,0.009745
1965,ROBET-RoBET,0.0
1966,KST-StarCoin,0.012054
1967,TTC-TTC Protocol,0.1068
1968,UDOO-uDoo,0.045385
1969,VEVUE-VEVUE,0.0
1970,WIKI-Wiki Token,3.2125
1971,XDNA-XDNA,0.0
1972,XRT-THE X-FACTOR,6.51e-05
1973,LQD-Liquidity Network,0.2499
1974,LOBS-Lobstex,0.0
1975,MIB-MIB Coin,0.1618
1976,MIC-Mindexcoin,0.0
1977,XMO-Monero Original,0.0
1978,AERGO-Aergo,0.4275
1979,ANON-ANON,0.0
1980,BEAM-BEAM,9.37
1981,BTCL-BTC Lite,0.035258
1982,CBR-CCBrother,0.0
1983,CODY-Coindy,0.014009
1984,YUP-Crowdholding,0.002934
1985,CIF-CIF,0.001744
1986,DAV-DAV Token,0.01424
1987,DEL-DelChain,0.005815
1988,BLACK-eosBLACK,0.1659
1989,IQ-Everipedia,0.01975
1990,GEM-Gems,0.006104
1991,GCC-健康币,0.0
1992,HERC-Hercules,0.4501
1993,HUM-Humanscape,0.00107
1994,HYB-Hybrid Token,0.014622
1995,SEE-Insee Coin,0.019219
1996,KBC-Karatgold Coin,0.1872
1997,NTK-NetKoin,0.00018722
1998,TVNT-TravelNote,0.0
1999,UPP-Sentinel Protocol,0.091541
2000,ACDC-Volt,0.004846
2001,WC-云尊币,0.3534
2002,LTK-玩客币（链克）,0.0
2003,X12-X12 Coin,0.094721
2004,PUN-Punch Token,0.001229
2005,SPN-Sapien,0.009439
2006,SCH-Skychain,1.2865
2007,FI-FInsur,0.056248
2008,GCT-极客链,0.005423
2009,HQT-HyperQuant,0.020595
2010,INCX-INCX,0.006081
2011,IOTX-IoTeX,0.046278
2012,MCT-MCT,0.005156
2013,MBC-MicroBitcoin,0.00024484
2014,ABLX-ABLE,0.00041994
2015,ATMI-Atonomi,0.005145
2016,BEAT-BEAT,0.011475
2017,CAN-CAN,0.0
2018,CAR-CarBlock,0.007641
2019,CEDEX-CEDEX Coin,0.163
2020,CGEN-CGEN,0.0
2021,CHT-Countinghouse,10.9323
2022,DELC-Delink,0.060689
2023,DRINK-酒水链,7.0673
2024,TRAID-Traid,0.006231
2025,UCC-U链,0.0
2026,VHKD-Virtual HKD,0.0
2027,VSYS-V Systems,0.2227
2028,WECC-授权链,0.0
2029,WCO-Winco,0.0
2030,WSP-Wispr,0.0
2031,YTGM-亚太双子链,0.0
2032,OMEN-OmenCoin,0.0
2033,PAXEX-Paxexcoin,0.0
2034,QUIN-Quinads,0.0
2035,RBF-彩虹币,0.0
2036,ROM-ROMToken,0.00048219
2037,SHOP-Shopin,0.032997
2038,SPD-Spindle,0.004674
2039,EXC-Eximchain,0.0
2040,FJ-FCoinJP TOKEN,0.002097
2041,FOAM-FOAM Token,0.1763
2042,FSBT-Forty Seven Bank,0.9943
2043,HSN-Helper Search Token,0.0
2044,HERO-Hero,0.0
2045,KXC-KingXChain,8.17e-06
2046,MC-Market Coin,0.0
2047,MXM-MaxiMine,0.026486
2048,MEDX-MediBlocX,0.020159
2049,MSC-MSC,0.001702
2050,ALX-ALAX,0.013444
2051,BGG-Bgogo Token,0.006013
2052,BTNT-BitNautic Token,0.064128
2053,BC-Block-Chain.com,0.023183
2054,BOE-菩提以太,0.116
2055,CAC-CAC,0.0
2056,COVA-COVA,0.009398
2057,DHT-元链,0.0
2058,WLO-Wollo,0.494
2059,YEX-YEX Token,0.0
2060,ZAIF-ZAIF,0.008669
2061,NEAL-Coineal Token,0.020847
2062,NT-币诺币,0.003518
2063,NUG-Nuggets,0.003396
2064,OBX-OBXcoin,0.00049853
2065,NPLC-Plus-Coin,0.029728
2066,RKC-RookieCoin,0.0
2067,SAT-SAT,0.0
2068,TCN-Tcoin,0.0
2069,TENA-TENA,0.3744
2070,FOIN-FOIN,6880.47
2071,FRES-FRESCO Network,0.001518
2072,FUNDZ-FundToken,0.035782
2073,GEEK-极客链,0.0
2074,GOT-GOToken,2.1385
2075,HOLD-HOLD,0.0
2076,IBT-ICOBay,0.00015466
2077,KT-快币,0.0
2078,LPT-Livepeer Token,30.2342
2079,LYNX-Lynx,0.0
2080,MET-Metronome,5.4566
2081,MOLK-MobilinkToken,0.008206
2082,ACC-ACChain,0.1414
2083,ALT-Alt.Estate token,0.0
2084,ATD-Atidium,0.00068392
2085,BANK-Bank Coin,0.022284
2086,BOID-BOID,0.001014
2087,BDB-Btcdo Token,0.0
2088,BCARD-CARDbuyers,0.007478
2089,CPG-Castle Peak Game,0.0
2090,CEN-Centaure,0.00049853
2091,CMIT-Cmitcoin,0.0
2092,CNUS-CoinUs,0.242
2093,CVH-简历链,0.014118
2094,ECHT-e-Chat,0.035306
2095,UBC-Ubcoin Market,0.0
2096,UICC-联养链,0.1409
2097,USDC-USD Coin,6.8609
2098,UST-链云,0.0
2099,VAT-价值通证,0.1065
2100,WXC-WXCOINS,7.2464
2101,XRA-Xriba,0.1547
2102,ZZM-ZZM,0.0
2103,NEP-奶瓶,0.0
2104,NGOT-恩玖币,0.0
2105,NOBS-No BS Crypto,0.00073963
2106,PLC-​PlatinCoin,177.83
2107,PXG-PlayGame Token,0.027317
2108,PLUS1-PlusOneCoin,0.201
2109,PGT-Puregold Token,0.0
2110,QUAN-Quantis Network,0.0
2111,RYO-Ryo Currency,0.0
2112,SAL-SalPay,0.1021
2113,SZC-易购币,0.037104
2114,SGN-Signals Network,0.023312
2115,SMQ-SIMDAQ,0.0
2116,SLT-SLT,0.013519
2117,SNX-SNX,0.2723
2118,TERN-Ternio,0.058571
2119,EST-电竞币,0.0
2120,ETI-EtherInc Coin,0.002448
2121,FT-Fabric Token,0.0
2122,GMB-Gamb,0.00081693
2123,GZRO-Gravity,0.00049853
2124,HUSD-HUSD,6.8535
2125,ICNQ-Iconiq Lab Token,0.2571
2126,IHF-IHF,0.1289
2127,IQ-IQ Cash,0.030409
2128,IXE-IXE,0.0
2129,JSE-JSEcoin,0.0
2130,LEMO-LemoChain,0.062173
2131,LINA-Lina Review,0.1513
2132,LTH-路德链,0.0
2133,M2O-M2O,0.00095409
2134,MAC-婚链,0.0
2135,MCW-Mocrow,3.3821
2136,NAM-NAM COIN,0.0
2137,ZXC-0xcert,0.023149
2138,XXX-AdultChain,0.0
2139,KZE-Almeela,1.2749
2140,ALTX-Alttex,0.002108
2141,AWC-AWC,0.1871
2142,BBS-BBSCoin,1.246e-05
2143,BGX-比格币,0.00199
2144,BMC-BitMart Coin,0.090424
2145,BCDT-BCDT,0.032111
2146,BRZC-​Breeze Coin,1.1659
2147,BUL-Bulleon,0.9092
2148,XCD-Capdax Token,0.01499
2149,MVP-冠军币,0.0
2150,CTIC2-Coimatic 2.0,0.0
2151,CSM-嘉信,8.2816
2152,CNET-ContractNet,0.005303
2153,CRBC-国际文博链,0.0
2154,CRBT-Cruisebit,0.0
2155,CRE-Cybereits,0.009207
2156,DACC-DACC,0.001139
2157,DAXT-DAXT,0.027133
2158,GREV2-Greencoin,0.0
2159,XES-Proxeus,0.0
2160,BET-DAO.Casino,0.020731
2161,EQL-Equal,0.007627
2162,HORSE-Ethorse,0.0
2163,POSW-PoSW Coin,0.0
2164,CBX-Bullion,4.5862
2165,JC-耶稣币,0.0
2166,SPF-SportyCo Token,0.01375
2167,BTB-比特金条,34.8464
2168,GP-GoldPieces,0.0
2169,BENJI-BenjiRolls,0.0
2170,BLOCKPAY-BlockPay,0.0
2171,EAGLE-EagleCoin,0.0
2172,SPK-Sparks,0.077046
2173,SONG-SongCoin,0.0
2174,FIL-Filecoin,25.8938
2175,EQT-EquiTrader,0.0
2176,XSTC-Safe Trade Coin,0.0
2177,EMD-Emerald Crypto,0.0
2178,BWK-Bulwark,0.0
2179,HDLB-HODL Bucks,0.0
2180,XPTX-PlatinumBAR,0.0
2181,CHAN-ChanCoin,0.0
2182,NTO-Fujinto,0.0
2183,XPD-石油币,0.102
2184,DSH-Dashcoin,0.0
2185,BOST-增长币,0.0
2186,SCRT-SecretCoin,0.0
2187,ACES-Aces Coin,0.0
2188,SLG-Sterlingcoin,0.0
2189,CREA-Creativecoin,0.0
2190,ALQO-ALQO,0.0
2191,PLAN-Plancoin,0.0
2192,SIGMA-西格玛币,0.01345
2193,QBC-Quebecoin,0.0
2194,UFO-UFO Coin,0.0
2195,ACE-TokenStars,0.093482
2196,FYN-FundYourselfNow,0.0
2197,TROLL-TrollCoin,0.0
2198,MOIN-Moin,0.0
2199,MCC-行云币,0.035776
2200,ASTRO-Astro,0.0
2201,HONEY-Honey,0.0
2202,SDRN-Senderon,0.0
2203,MRT-MRT,0.0
2204,LEA-LeaCoin,0.0
2205,NANOX-Project-X,113144.38
2206,ERY-Eryllium,0.0
2207,ABC-Alphabit,0.0
2208,BQ-Bitqy,0.0
2209,ATOM-Atomic Coin,0.0
2210,MEX-MEX,0.001852
2211,MAC-Machinecoin,0.0
2212,MAG-麦奇,0.004541
2213,VIVO-VIVO,0.0
2214,EGCC-Engine,0.00193
2215,CAT-猫币,0.0
2216,ONG-SoMee.Social,0.0
2217,SMS-SMS,0.0
2218,APX-APX,0.0
2219,GLC-全球币,0.0
2220,BRAT-Brother,0.0
2221,POS-PoSToken,0.0
2222,MONETA-Moneta,0.0
2223,SHOW-秀币,0.005678
2224,CF-Californium,0.0
2225,BTQ-BitQuark,0.0
2226,ATX-Artex Coin,0.0
2227,XVC-Vcash,0.0
2228,CMS-COMSA-XEM,0.0
2229,ALL-Allion,0.0
2230,IBANK-iBankCoin,0.0
2231,SHE-闪链,0.008029
2232,CLUB-ClubCoin,2.2209
2233,LAC-艾尔链,9.3781
2234,ONLY-奥力橙,0.072512
2235,FN-IPFS＆Filenet,4.5596
2236,REG-REG Token,0.1283
2237,GRIN-哈哈币,37.3969
2238,EBKC-艾客部落,0.0
2239,LME-龙猫币,8.567e-05
2240,PLA-Plair,0.00071211
2241,BTT-Bittorrent,0.005513
2242,THM-Themis Chain,0.001947
2243,VZT-Vezt,0.0
2244,READ-阅读币,0.013167
2245,MINEX-Minex,0.0
2246,EDU-教育链,0.0
2247,GMT-墨丘利协议,0.0
2248,ECC-E-Currency Coin,0.0
2249,RNS-Renos,0.0
2250,XLC-LeviarCoin,0.0
2251,8BIT-8Bit,0.0
2252,ETBS-Ethbits,0.0
2253,HYPER-Hyper,0.0
2254,IMS-IMS,0.0
2255,BTPL-Bitcoin Planet,0.0
2256,RBBT-兔子币,0.0
2257,HEAT-HEAT,0.0
2258,SLM-Slimcoin,0.0
2259,RMC-Russian Mining Coin,0.0
2260,IDS-IDS,0.048225
2261,QTES-量化交易,7.7988
2262,OEC-花梨币,0.2322
2263,CLB-Cloudbric,0.028842
2264,WBTC-Wrapped Bitcoin,24726.28
2265,NVST-NVO,0.0
2266,CAJ-Cajutel,15.0568
2267,WIB-Wibson,0.005005
2268,PINK-PinkCoin,0.011748
2269,NSR-纽股份,0.0009987
2270,NYAN-彩虹猫币,0.002226
2271,NDC-NEVERDIE Coin,0.009807
2272,GPEI-GPEI,7.8989
2273,BXA-BXA,2.528
2274,SDUSD-SDUSD,6.5231
2275,SOLVE-SOLVE token,0.9044
2276,FET-Fetch.AI,0.0
2277,S4F-S4FE,1.7203
2278,DOOH-DOOH,0.0
2279,TEMCO-TEMCO tokens,0.012395
2280,COZ-COZ,0.98
2281,LTO-LTO Network,0.3735
2282,USDS-StableUSD,0.0
2283,ELAC-ELA Coin,0.5738
2284,TCAT-TCAT,0.2554
2285,PLA-PlayChip,0.0
